"name","description","html_url","language","stargazers_count","topics","updated_at"
"portfolio-website",,"https://github.com/Michaelunkai/portfolio-website","TypeScript","0","","2026-02-24T11:10:04Z"
"study","Auto-synced repository","https://github.com/Michaelunkai/study","PowerShell","0","","2026-02-24T10:59:16Z"
"QuadDown",,"https://github.com/Michaelunkai/QuadDown","JavaScript","0","","2026-02-24T10:58:41Z"
"game-library-manager-web","Docker Game Library Manager - Web Version with 928 games","https://github.com/Michaelunkai/game-library-manager-web","JavaScript","0","","2026-02-24T10:51:57Z"
"GameAutoDownInstall","Skip extracting files, navigating setup processes, or any unnecessary hassles.","https://github.com/Michaelunkai/GameAutoDownInstall",,"0","","2026-02-24T09:06:04Z"
"desktop_apps",,"https://github.com/Michaelunkai/desktop_apps","PowerShell","0","","2026-02-23T20:56:36Z"
"dotnet",,"https://github.com/Michaelunkai/dotnet","PowerShell","0","","2026-02-23T20:54:38Z"
"game-launcher-pro",,"https://github.com/Michaelunkai/game-launcher-pro","PowerShell","0","","2026-02-23T20:54:05Z"
"dev_toolchain",,"https://github.com/Michaelunkai/dev_toolchain","Python","0","","2026-02-23T14:38:09Z"
"programming",,"https://github.com/Michaelunkai/programming","Python","0","","2026-02-23T14:36:22Z"
"net",,"https://github.com/Michaelunkai/net","Python","0","","2026-02-23T14:34:38Z"
"c",,"https://github.com/Michaelunkai/c","C#","0","","2026-02-23T14:33:13Z"
"uninstallpro",,"https://github.com/Michaelunkai/uninstallpro","C#","0","","2026-02-23T14:31:51Z"
"gitdesk",,"https://github.com/Michaelunkai/gitdesk","C#","0","","2026-02-23T13:11:36Z"
"hosting",,"https://github.com/Michaelunkai/hosting","Python","0","","2026-02-23T10:32:55Z"
"youtube_recommendation_filter",,"https://github.com/Michaelunkai/youtube_recommendation_filter","JavaScript","0","","2026-02-23T09:09:56Z"
"version_control",,"https://github.com/Michaelunkai/version_control","C#","0","","2026-02-19T20:32:00Z"
"git",,"https://github.com/Michaelunkai/git","C#","0","","2026-02-19T20:31:41Z"
"witcher3-trainer-launcher",,"https://github.com/Michaelunkai/witcher3-trainer-launcher","C#","0","","2026-02-19T19:12:06Z"
"Artificial_Intelligence",,"https://github.com/Michaelunkai/Artificial_Intelligence","PowerShell","1","","2026-02-19T18:10:23Z"
"gametime",,"https://github.com/Michaelunkai/gametime","HTML","0","","2026-02-19T17:41:12Z"
"openclaw-client-acquisition-system","Automated client acquisition system for OpenClaw setup-as-a-service business","https://github.com/Michaelunkai/openclaw-client-acquisition-system","JavaScript","0","","2026-02-19T17:22:32Z"
"clawdbot",,"https://github.com/Michaelunkai/clawdbot","C#","0","","2026-02-19T12:31:35Z"
"web_development",,"https://github.com/Michaelunkai/web_development","JavaScript","0","","2026-02-19T11:18:50Z"
"fullstack",,"https://github.com/Michaelunkai/fullstack","JavaScript","0","","2026-02-19T10:51:18Z"
"resume",,"https://github.com/Michaelunkai/resume","HTML","0","","2026-02-19T09:02:46Z"
"startupmaster",,"https://github.com/Michaelunkai/startupmaster","C#","0","","2026-02-18T12:48:20Z"
"profile",,"https://github.com/Michaelunkai/profile","PowerShell","0","","2026-02-18T09:30:38Z"
"claudecode",,"https://github.com/Michaelunkai/claudecode","PowerShell","0","","2026-02-18T09:16:58Z"
"ai_ml",,"https://github.com/Michaelunkai/ai_ml","PowerShell","0","","2026-02-18T09:15:31Z"
"ai_and_machine_learning",,"https://github.com/Michaelunkai/ai_and_machine_learning","PowerShell","0","","2026-02-18T09:14:49Z"
"claudecode-1771405650",,"https://github.com/Michaelunkai/claudecode-1771405650","PowerShell","0","","2026-02-18T09:07:57Z"
"claudecode-1771405575",,"https://github.com/Michaelunkai/claudecode-1771405575",,"0","","2026-02-18T09:06:27Z"
"claudecode-1771405456",,"https://github.com/Michaelunkai/claudecode-1771405456",,"0","","2026-02-18T09:04:28Z"
"claudecode-1771405275",,"https://github.com/Michaelunkai/claudecode-1771405275",,"0","","2026-02-18T09:01:27Z"
"claudecode-1771405199",,"https://github.com/Michaelunkai/claudecode-1771405199",,"0","","2026-02-18T09:00:10Z"
"gitit",,"https://github.com/Michaelunkai/gitit","Python","0","","2026-02-12T17:59:22Z"
"maximizeethernet",,"https://github.com/Michaelunkai/maximizeethernet","PowerShell","0","","2026-02-12T13:42:07Z"
"platforms",,"https://github.com/Michaelunkai/platforms","PowerShell","0","","2026-02-12T11:15:52Z"
"windows",,"https://github.com/Michaelunkai/windows","PowerShell","0","","2026-02-12T11:12:50Z"
"autohotkey",,"https://github.com/Michaelunkai/autohotkey","AutoHotkey","0","","2026-02-12T11:07:54Z"
"mymainahk",,"https://github.com/Michaelunkai/mymainahk","AutoHotkey","0","","2026-02-12T11:06:23Z"
"startupmanagerclean",,"https://github.com/Michaelunkai/startupmanagerclean","C#","0","","2026-02-12T10:33:15Z"
"openclaw",,"https://github.com/Michaelunkai/openclaw","TypeScript","0","","2026-02-11T20:11:12Z"
"androidmonitor",,"https://github.com/Michaelunkai/androidmonitor",,"0","","2026-02-11T11:24:18Z"
"win11reset-keepfiles",,"https://github.com/Michaelunkai/win11reset-keepfiles","PowerShell","0","","2026-02-10T17:17:09Z"
"win11repair",,"https://github.com/Michaelunkai/win11repair","PowerShell","0","","2026-02-10T12:16:15Z"
"01",,"https://github.com/Michaelunkai/01","PowerShell","1","","2026-02-10T00:45:42Z"
"prebootrepair",,"https://github.com/Michaelunkai/prebootrepair","C#","0","","2026-02-05T23:49:28Z"
"anthropic-ai",,"https://github.com/Michaelunkai/anthropic-ai",,"0","","2026-02-05T23:21:44Z"
